season,yr,mnth,hr,holiday,weekday,workingday,weathersit,temp,atemp,hum,windspeed
3,0,1,20,0,6,1,1,0.63,0.81,0.23,0.45
4,0,1,22,0,0,1,2,0.26,0.59,0.81,0.26
1,0,3,0,0,1,1,1,0.33,0.29,0.88,0.21
3,0,2,2,0,1,0,1,0.82,0.12,0.88,0.22
3,0,5,17,0,5,0,3,0.11,0.8,0.72,0.59
4,1,12,9,0,1,0,2,0.17,0.12,0.29,0.02
1,0,10,21,1,2,0,1,0.27,0.8,0.73,0.52
1,1,6,2,0,4,0,3,0.12,0.52,0.22,0.35
3,0,7,7,0,4,0,2,0.25,0.85,0.22,0.26
2,1,4,13,0,6,0,1,0.57,0.74,0.43,0.44
3,0,7,23,0,0,0,1,0.44,0.9,0.54,0.29
3,0,11,17,0,5,1,2,0.81,0.38,0.74,0.52
3,1,8,14,0,0,0,2,0.75,0.71,0.68,0.54
3,1,11,21,0,1,1,1,0.37,0.42,0.51,0.25
4,1,1,22,0,6,1,2,0.31,0.48,0.39,0.17
1,0,6,1,0,0,1,2,0.4,0.6,0.9,0.36
4,1,8,9,0,2,0,1,0.57,0.8,0.5,0.55
4,0,5,1,0,4,1,1,0.31,0.89,0.52,0.13
4,0,4,16,0,1,1,1,0.6,0.71,0.31,0.37
3,1,2,7,0,6,0,2,0.43,0.43,0.76,0.38
2,1,6,0,0,0,1,1,0.54,0.44,0.69,0.44
1,0,6,8,0,5,1,1,0.45,0.69,0.35,0.08
2,0,11,10,0,2,0,2,0.34,0.29,0.26,0.43
4,1,1,21,0,2,0,2,0.86,0.19,0.68,0.55
4,1,9,15,0,0,1,1,0.71,0.38,0.66,0.11
2,1,12,6,0,4,1,2,0.21,0.33,0.39,0.14
2,0,11,9,0,0,0,1,0.79,0.34,0.87,0.58
2,0,6,22,0,1,0,2,0.49,0.29,0.31,0.11
4,0,3,2,0,0,1,1,0.82,0.13,0.5,0.51
4,0,4,17,0,2,1,1,0.74,0.11,0.86,0.3
1,0,12,23,1,6,1,2,0.44,0.89,0.49,0.15
1,0,11,12,0,0,1,1,0.12,0.44,0.65,0.52
4,1,4,6,0,4,1,1,0.31,0.41,0.48,0.27
2,0,3,3,0,6,1,2,0.53,0.64,0.39,0.31
2,0,10,12,0,5,0,2,0.61,0.27,0.89,0.22
1,0,3,19,0,3,0,2,0.31,0.86,0.49,0.36
4,1,3,0,0,0,1,2,0.21,0.73,0.83,0.1
1,0,4,7,0,4,1,1,0.77,0.17,0.36,0.23
1,0,7,13,0,6,1,1,0.89,0.43,0.35,0.58
3,1,4,15,0,4,1,1,0.52,0.8,0.22,0.15
3,0,9,13,0,5,0,1,0.24,0.86,0.66,0.39
3,0,1,11,0,2,1,3,0.32,0.47,0.46,0.2
2,0,8,18,0,4,1,1,0.11,0.59,0.81,0.46
4,0,7,22,0,6,0,1,0.83,0.23,0.53,0.08
4,0,2,14,0,4,0,1,0.19,0.89,0.88,0.58
4,1,8,1,0,4,1,3,0.56,0.29,0.33,0.27
4,1,1,1,0,4,0,1,0.32,0.85,0.81,0.14
3,1,11,22,0,1,1,1,0.54,0.62,0.74,0.04
2,0,12,21,0,1,0,1,0.62,0.59,0.74,0.1
2,0,9,18,0,2,1,2,0.76,0.51,0.79,0.31
3,0,9,21,0,0,0,1,0.27,0.28,0.73,0.2
2,1,2,21,1,4,1,2,0.11,0.24,0.64,0.5
3,0,7,16,1,5,1,3,0.21,0.28,0.29,0.26
4,0,10,19,0,0,1,1,0.82,0.25,0.22,0.15
3,1,3,9,0,5,1,2,0.8,0.72,0.84,0.37
4,0,7,5,0,0,1,3,0.58,0.38,0.63,0.42
4,1,12,14,0,2,0,2,0.58,0.15,0.76,0.1
1,1,10,21,0,4,1,1,0.63,0.88,0.54,0.1
3,1,9,10,0,4,1,1,0.24,0.81,0.28,0.02
1,0,4,4,0,3,1,2,0.83,0.84,0.29,0.44
3,0,12,0,0,5,1,1,0.44,0.9,0.68,0.4
3,0,1,7,0,0,0,2,0.41,0.24,0.5,0.28
1,0,2,20,0,0,0,3,0.52,0.42,0.34,0.51
1,0,1,11,0,1,1,3,0.14,0.71,0.54,0.48
3,0,12,11,0,3,1,1,0.23,0.66,0.24,0.35
2,0,5,4,0,6,1,1,0.69,0.22,0.61,0.52
4,1,5,6,0,6,1,4,0.17,0.75,0.39,0.12
1,0,11,3,0,1,1,2,0.58,0.28,0.76,0.07
4,1,7,5,0,1,1,1,0.3,0.28,0.42,0.16
2,0,9,12,0,1,0,3,0.41,0.53,0.52,0.03
2,0,9,19,0,5,0,2,0.33,0.57,0.21,0.32
2,0,3,14,0,5,0,1,0.38,0.56,0.25,0.56
1,1,3,2,0,2,0,1,0.68,0.17,0.47,0.02
2,1,3,22,0,2,0,1,0.34,0.8,0.54,0.07
1,1,4,7,0,1,0,1,0.55,0.31,0.62,0.27
2,1,8,19,0,3,0,1,0.48,0.2,0.4,0.56
4,0,6,15,0,0,0,2,0.63,0.81,0.69,0.19
4,1,8,12,0,5,1,1,0.85,0.86,0.8,0.3
3,0,1,17,0,3,0,1,0.69,0.79,0.75,0.02
4,0,8,9,0,4,1,1,0.27,0.75,0.23,0.09
3,1,4,18,0,5,1,1,0.12,0.62,0.54,0.59
4,1,11,16,1,5,1,3,0.31,0.54,0.27,0.58
1,1,1,23,0,2,0,1,0.58,0.17,0.37,0.0
4,1,8,18,0,0,1,1,0.14,0.43,0.89,0.57
3,1,4,22,0,0,1,2,0.5,0.4,0.3,0.38
3,1,6,4,0,6,1,1,0.58,0.31,0.55,0.52
2,1,8,20,1,6,1,1,0.37,0.68,0.63,0.27
1,1,4,22,0,6,0,1,0.72,0.5,0.69,0.31
4,0,3,8,0,6,0,1,0.19,0.16,0.59,0.29
2,1,9,11,0,4,1,1,0.16,0.28,0.21,0.4
4,1,3,20,0,4,1,1,0.68,0.65,0.43,0.08
4,0,9,0,0,5,1,1,0.5,0.16,0.56,0.02
2,1,2,0,0,1,1,3,0.65,0.78,0.26,0.18
2,0,2,14,0,2,0,1,0.45,0.5,0.45,0.42
2,0,2,1,0,2,1,1,0.3,0.48,0.22,0.12
2,1,6,21,0,6,0,2,0.76,0.57,0.26,0.4
2,0,3,15,0,5,1,1,0.74,0.76,0.48,0.58
4,0,9,7,0,3,1,2,0.66,0.38,0.29,0.06
2,0,4,12,0,1,1,1,0.32,0.64,0.6,0.4
1,0,1,20,0,5,0,3,0.57,0.55,0.68,0.27
3,1,4,0,0,1,0,1,0.39,0.31,0.76,0.52
2,0,1,15,0,1,1,1,0.17,0.8,0.34,0.11
2,1,5,6,0,1,0,1,0.83,0.74,0.32,0.42
4,0,4,4,0,5,1,4,0.21,0.63,0.27,0.5
2,0,8,21,1,6,0,1,0.86,0.78,0.65,0.57
2,0,8,22,0,2,1,1,0.46,0.79,0.69,0.41
2,0,7,2,0,2,1,1,0.25,0.67,0.22,0.3
4,1,3,11,0,6,0,2,0.53,0.77,0.86,0.37
2,1,1,15,0,1,1,1,0.8,0.66,0.24,0.52
3,0,1,18,1,3,0,2,0.69,0.64,0.58,0.34
4,0,12,4,0,0,0,1,0.75,0.59,0.7,0.02
3,1,11,21,1,5,1,1,0.63,0.7,0.81,0.56
4,0,3,13,0,0,1,1,0.65,0.23,0.7,0.41
2,0,6,4,0,6,1,1,0.78,0.8,0.76,0.41
3,0,7,14,0,3,0,1,0.3,0.8,0.44,0.13
4,1,6,16,1,5,1,1,0.49,0.12,0.77,0.4
1,1,6,13,0,6,1,2,0.28,0.76,0.26,0.24
2,1,6,19,0,1,1,1,0.89,0.2,0.83,0.39
4,0,3,4,1,2,1,1,0.86,0.37,0.58,0.06
1,0,6,11,0,0,1,1,0.13,0.69,0.77,0.39
4,1,8,15,0,4,1,1,0.66,0.23,0.52,0.6
1,1,11,15,0,4,1,1,0.84,0.75,0.65,0.03
2,1,11,20,0,3,1,1,0.24,0.77,0.57,0.59
3,1,2,6,0,1,1,1,0.55,0.51,0.71,0.24
1,0,5,3,0,0,0,2,0.83,0.11,0.26,0.52
4,1,1,0,0,1,1,3,0.13,0.33,0.24,0.47
2,0,12,4,0,0,1,1,0.66,0.59,0.37,0.34
1,1,1,22,0,3,0,1,0.34,0.88,0.31,0.44
4,0,5,9,1,3,0,2,0.84,0.61,0.81,0.53
4,1,12,21,0,4,1,1,0.88,0.31,0.35,0.24
4,1,3,4,0,1,1,1,0.86,0.61,0.88,0.2
1,1,4,3,0,5,1,1,0.48,0.53,0.44,0.4
1,1,3,1,0,4,0,2,0.79,0.72,0.33,0.48
1,0,1,19,0,1,1,2,0.78,0.19,0.75,0.46
3,1,1,9,0,4,0,1,0.36,0.71,0.66,0.48
1,0,12,18,0,5,0,1,0.76,0.53,0.55,0.26
1,0,12,0,0,2,0,1,0.13,0.87,0.59,0.49
1,0,5,23,0,2,1,2,0.58,0.37,0.7,0.07
3,0,6,4,1,2,1,1,0.28,0.61,0.36,0.33
1,1,3,12,1,2,1,1,0.2,0.85,0.9,0.0
4,0,12,3,0,6,1,2,0.16,0.18,0.88,0.19
1,0,9,15,0,0,1,1,0.66,0.85,0.66,0.22
4,0,5,23,0,6,1,2,0.37,0.65,0.34,0.24
4,1,8,15,0,6,1,1,0.68,0.15,0.68,0.42
4,1,1,22,0,6,1,1,0.15,0.34,0.25,0.23
3,1,5,1,0,2,1,1,0.35,0.67,0.22,0.27
3,1,3,16,0,5,1,2,0.53,0.15,0.38,0.14
3,0,12,19,0,3,1,2,0.73,0.57,0.52,0.22
1,0,1,23,0,3,1,2,0.36,0.38,0.81,0.14
4,1,4,11,0,0,1,1,0.6,0.6,0.71,0.04
